"id({""constraints"":[],""type"":""STRING"",""dataSize"":250,""dynamicProps"":{""localData"":{}}})","status({""constraints"":[],""type"":""BOOLEAN"",""dynamicProps"":{""localData"":{""visualizationType"":""TRUE_FALSE""}}})","objectId({""constraints"":[],""type"":""STRING_ID"",""dataSize"":36})","ownerId({""constraints"":[],""type"":""STRING"",""dataSize"":36})","created({""constraints"":[],""type"":""DATETIME""})","updated({""constraints"":[],""type"":""DATETIME""})"
"interstitial_open_search",true,"685756AF-89EE-4A4D-9601-E3F0FF41B9CC",null,"2022-04-11T07:30:12.732Z",null
"interstitial_open_details",true,"A034CC87-958C-464B-89F9-0EEA11849617",null,"2022-03-24T11:10:52.634Z","2022-04-06T16:52:11.705Z"
"native_on_details",true,"C6352245-F64E-4D0E-BAEF-767B1F14087A",null,"2022-03-24T11:10:08.775Z","2022-03-30T20:21:42.892Z"
"interstitial_open_favorite",true,"E700B195-502F-4B08-B3F2-A941979E2E67",null,"2022-04-11T07:30:19.400Z","2022-04-11T07:30:27.321Z"
"banner_in_list",false,"ED3093FD-4DC8-4441-A749-13B7749356D0",null,"2022-03-24T11:10:28.957Z","2022-05-04T10:11:07.868Z"
