"addDate({""constraints"":[],""type"":""DOUBLE""})","countImages({""constraints"":[],""type"":""INT""})","description({""constraints"":[],""type"":""TEXT"",""dynamicProps"":{""localData"":{}}})","fileSize({""constraints"":[],""type"":""DOUBLE""})","id({""constraints"":[],""type"":""INT""})","installs({""constraints"":[],""type"":""INT""})","likes({""constraints"":[],""type"":""INT""})","pack({""constraints"":[],""type"":""INT""})","priority({""constraints"":[],""type"":""INT""})","status({""constraints"":[],""type"":""BOOLEAN"",""defaultValue"":""true"",""dynamicProps"":{""localData"":{}}})","title({""constraints"":[],""type"":""STRING"",""dataSize"":250})","version({""constraints"":[],""type"":""STRING"",""dataSize"":250})","objectId({""constraints"":[],""type"":""STRING_ID"",""dataSize"":36})","ownerId({""constraints"":[],""type"":""STRING"",""dataSize"":36})","created({""constraints"":[],""type"":""DATETIME""})","updated({""constraints"":[],""type"":""DATETIME""})"
1.649061239E9,3,"This seed will spawn you literally next to a ravine which runs in a half circle around a village. Even though it’s clearly a horrifying disaster the villagers were lucky as if it would have been generated any closer then the village would have been completely demolished.",0.49,7,5,1,0,0,true,"Ravine Village","1002","05ACD7EB-C680-46E0-B182-48222E65091C",null,"2022-03-20T19:50:54.988Z","2022-04-18T12:37:34.177Z"
1.64906125E9,2,"One of the most charming biomes in the game. Yes, it's a mushroom biome. Despite the realism of all biomes in the game, this type of biome - fabulous. Mushrooms are not that great, always the correct form. On the plains of the live weight of the mushroom mushroom cows. It is essentially useless, but very funny. What would go to the mushroom biome of the oxide, you need to go a little further the village.",1.14,18,8,1,1,0,true,"Mushroom biome","1001","147D7EE1-D929-41A6-B7EF-D39AC0772087",null,"2022-03-20T19:51:18.418Z","2022-05-13T11:33:38.482Z"
1.649061285E9,3,"The spawn is on this small survival island and in the center of the island you will find the first ravine.To find the other ravines you will have to do some traveling. Go in the direction as seen in the image. You’ll basically need to cross over the water to get to the snow biome.",0.3,53,21,11,4,-1,true,"Ravines Near Spawn","1002","1DA3D0B3-A38E-4A31-9AA8-E673C7BF29EB",null,"2022-03-20T19:52:32.059Z","2022-05-03T13:03:00.193Z"
1.649061261E9,1,"Seed will provide you the opportunity to visit one of the most interesting places in Minecraft PE - snow biome with ice spikes. Is to meet in MCPE quite a very rare, but it's worth it. There you can spend a long time studying or surviving. If you have any creative skill, then you can build this ice castle or city that will decorate these ice spikes.",1.04,29,0,0,2,-1,true,"Ice Plains Spikes","1000","1F98B8AC-BFFB-40AB-BB54-0676F307D819",null,"2022-03-20T19:51:54.271Z","2022-04-04T09:01:52.714Z"
1.649061286E9,3,"There are lots of different things to explore in this seed and most of the exploration sites are close to the spawn area. The spawn on the border where several different biomes meet.",0.33,54,36,11,4,0,true,"All Biomes Seed","1002","2078AF21-7397-409C-B09B-960910535A9A",null,"2022-03-20T19:52:24.016Z","2022-05-01T17:56:06.085Z"
1.649061258E9,1,"Unique mountain biome with surprising forms. Near the mountains there is a desert biome with a small village. Look around the mountains, and you'll find another chest with village in the forge. There's a lot of interesting resources, even rare obsidian.",0.89,26,0,0,1,0,true,"Unique mountain biome","1001","24B8B642-6EF5-4ACF-88D0-192C4577FD53",null,"2022-03-20T19:51:36.547Z","2022-04-16T21:09:09.923Z"
1.649061291E9,2,"This is a really cool seed which spawns you right next to a huge ravine. It goes very deep down but you can use one of the waterfalls to get down there quite easily. Down in the ravine you’ll find at least one tunnel leading even deeper underground. You can expect ores such as lapis lazuli, gold, redstone and even diamonds. It’s definitely a great seed for a new survival world.",0.34,59,32,14,4,0,true,"Huge Ravine Next to Spawn","1002","25538231-4963-4D53-B238-7E865A6C41B2",null,"2022-03-20T19:52:28.418Z","2022-05-13T14:42:49.971Z"
1.649061274E9,3,"This seed will spawn you on the coast of an oak forest and there you will find an ocean ruin which normally is generated in the ocean, but in this seed has for some strange reason been generated on land.The ruin is very easy to find as it is generated right next to spawn.",0.28,42,22,7,3,0,true,"Ruins On Land At Spawn","1004","2BBE3651-9AA2-412E-BC65-87A133ABDD04",null,"2022-03-20T19:52:07.288Z","2022-05-08T12:11:33.760Z"
1.649061275E9,3,"The spawn is around 200 blocks away from a Woodland Mansion. Just walk straight ahead and you will eventually get to it.Go behind the Woodland Mansion to find a mushroom tree.Dig down straight down here. (Don’t worry, there shouldn’t be any lava.) The dig site is at the following coordinates: X: 345, Y: 65, Z: 302",0.34,43,9,2,3,0,true,"Infinite Mineshafts & Woodland Mansion","1002","2DF41A5B-ED1B-49B2-93C5-FB693A754521",null,"2022-03-20T19:52:08.983Z","2022-04-28T09:45:11.059Z"
1.649061236E9,1,"A lot of rumors that this village of mahogany villagers for unknown reasons turned into a zombie. Some survivors report that before infection, near the village moved the traveler with glowing eyes, the same as Herobrine.",1.05,4,0,1,0,0,true,"Zombie Village","1001","32C90EBC-2E7D-4C7E-B56C-E6BE0721971B",null,"2022-03-20T19:50:51.832Z","2022-04-16T09:36:17.058Z"
1.64906126E9,3,"One tree island spawn: 652, 71, 4
Mushroom/Ice Spike: 800, 84, -300
Blacksmith Village next to above combo: 660, 67, -470
Shipwreck sticking out of water: 836, 66, 43
Ruins: 795, 53, 66
Glacier/Ruins: 264, 64, -192",0.28,28,6,1,2,-1,true,"Survival Island, Mushroom, Ice Spikes & Village","1005","351FC6F0-246E-4E87-A56E-CD2DFCFAAC50",null,"2022-03-20T19:51:51.927Z","2022-04-27T18:25:04.019Z"
1.649061264E9,1,"With this card the player will be able to live in an empty flat island, or on the second island, but with the presence of the village smithy and a bonus!",0.95,32,1,0,2,0,true,"Survival Island","1000","3B60E550-4227-4315-BF08-06D2D65BE9F3",null,"2022-03-20T19:51:46.533Z","2022-04-27T10:59:08.935Z"
1.649061279E9,3,"Buried Treasure – Coordinates: 2902 60 -58  (Maps can be found in structures) 
Shipwreck – Coordinates: 2932 36 44 
(Three chests) Ruins #1 – Coordinates: 2924 31 -4  (Multiple structures, multiple chests) Ruins #2 – Coordinates: 2901 36 188 
(One chest) Iceberg Biome – Coordinates: 2981 63 236",0.19,47,10,5,3,0,true,"Chain of Survival Islands with Coral Reef, Shipwrecks, Ruins, & More","1004","3E9131EB-12B6-40E1-8F71-5BF0603C6BB2",null,"2022-03-20T19:52:12.700Z","2022-05-12T08:01:31.172Z"
1.649061289E9,4,"This seed is great if you want a jungle survival experience in Minecraft. The spawn is located in the middle of a thick jungle and just a 10-20 blocks away from spawn you will find a huge ravine. The ravine is a great opportunity for finding all kinds of ores which you can use to create better tools and weapons. As a whole, this seed can set you off on a pretty good start.
",0.25,57,12,6,4,0,true,"Jungle Ravine At Spawn Seed","1005","42BB14D0-2FB3-4372-85DF-09A8C9DC981C",null,"2022-03-20T19:52:26.744Z","2022-05-07T06:18:21.586Z"
1.649061238E9,1,"This seed generates the village of Sandstone between the two biomes: the desert biome and burnt clay. The village has a blacksmith with a modest bonus to start. In addition, live in it pretty interesting and also very nice to Wake up in such beautiful scenery. Seed is designed for the version Minecraft PE 0.15+.",0.89,6,6,2,0,0,true,"Village among clay and desert Seed","1001","44E0D7A5-9882-47E1-A31D-87CC1BB1186E",null,"2022-03-20T19:50:54.092Z","2022-04-26T23:25:21.834Z"
1.649061237E9,1,"This seed will give you the opportunity to visit and learn the lake house. In Minecraft PE this is a rare treat, as you have to search long for a suitable territory, and so here you will be able immediately to settle. Around the lake house and grow some trees, there is a small rock and a huge number of almost flat surface. Such generation of seed in MCPE will give you the opportunity to build something of their own or to Supplement an already built village.",0.54,5,6,2,0,0,true,"Lake Village","1001","46FFE6AD-3027-44E7-90F2-2F70B398935A",null,"2022-03-20T19:50:52.794Z","2022-04-21T19:06:19.528Z"
1.64906124E9,3,"The spawn is right next to the ravine. Turn to your left and walk in that direction for a little while and you’ll soon reach it.",0.39,8,2,0,0,0,true,"Huge Ravine & Village","1002","4BC6C627-8DCC-489E-9481-EA0F2559791C",null,"2022-03-20T19:50:56.116Z","2022-04-17T14:34:05.144Z"
1.64906127E9,3,"This is a great seed to use if you’re just starting a new survival world. It includes a temple with some treasures right at spawn and just a little further away there’s a village with more items to loot. The surrounding areas consist of a jungle biome, a desert biome and a savannah biome. That’s really nice if you want a few different options for where to explore next. The spawn is in a jungle biome which borders a desert biome. Just a little further ahead on your right you will find a desert temple.",0.52,38,35,6,3,0,true,"Desert Temple At Spawn","1002","542E9A68-AB41-460C-8E4D-0CECD7F76E96",null,"2022-03-20T19:51:55.813Z","2022-05-13T13:44:44.517Z"
1.649061257E9,3,"Here’s a really cool seed which will spawn you right next to a medium sized ravine. However, it’s not a usual ravine. Crossing through the ravine is a small river. This terrain generation makes the ravine split up in two different parts. In one end of the ravine you’ll find just water and in the other only lava.",0.41,25,1,0,1,0,true,"Ravine River","1002","5917E061-2ED7-4257-BB85-3EF0A8C19E58",null,"2022-03-20T19:51:34.282Z","2022-04-22T14:42:39.299Z"
1.649061251E9,2,"Swamp biome, which is very successful on the border of the high mountains biome. Pretty nice seed, nice to look at these formidable cliffs. But if that's not enough, close to the spawning is a small village, and in the trunk forge has 2 emerald, 2 gold bars, iron helmet and two apples. I hope you will enjoy.",0.98,19,9,2,1,0,true,"Swamp Biome","1001","5A033656-06BC-4958-9189-B1A6BD8AA5FE",null,"2022-03-20T19:51:20.913Z","2022-05-13T13:21:08.197Z"
1.649061243E9,2,"Spawn  X: 828, Y: 64, Z: 0 4 

Villages and Desert Temple together  X: 736, Y: 68, Z: 154 

Stronghold Portal Room  X: 808, Y: 33, Z: 70 

Ravine 1  X: 623, Y: 64, Z: 93 

Ravine 2  X: 968, Y: 56, Z: 315 

Ravine 3 and 4 fused – X: 575, Y: 50, Z: 330
",0.4,11,3,1,0,0,true,"Lots of Ravines, Villages, Desert Temples & More","1002","5CB38BA8-1FAB-4E43-A50F-44A0FA6C6FF9",null,"2022-03-20T19:51:03.705Z","2022-04-24T12:21:59.443Z"
1.649061263E9,1,"This seed provides the player with a huge island in the clouds. I think the screenshot shows what I mean. This is a map with huge possibilities. You can let the waterfall from the island and adapt to them, or to fall directly under the clouds. The ideas here can be set, the only limit is Your imagination.",0.69,31,1,1,2,0,true,"Flying Island","1000","618D0F2A-D920-4F6E-8386-225D42EE61FF",null,"2022-03-20T19:51:43.826Z","2022-04-18T13:21:26.794Z"
1.649061259E9,1,"On this map you will find extremely steep mountains in the world of Minecraft Pocket Edition.",0.64,27,2,0,1,0,true,"Very steep mountains","1001","680D5D2A-EFDE-4549-8C7C-04C6D6D416D8",null,"2022-03-20T19:51:38.050Z","2022-05-10T07:37:49.302Z"
1.649061281E9,2,"Here’s the island on which you will spawn. The ruins will be right in front your eyes so those shouldn’t be any problems finding.",0.18,49,18,5,3,0,true,"Sea Ruins On Land Seed","1004","6A49D626-984E-49EF-9E94-8533447F7802",null,"2022-03-20T19:52:15.195Z","2022-04-27T14:16:52.228Z"
1.649061245E9,2,"Well, firstly - the name is already bizarre. Secondly - these holes in the rocks, I have never seen. In the third - in these rocks are huge waterfalls. As a result, it is very interesting mountain biome. When you download this Side wait to place a couple of seconds before the injection test of the world, then just turn his head back and say WOW!",0.62,13,13,3,1,-1,true,"Interesting mountain biome","1001","6A7480AF-DB9E-46C9-886F-B3FD108D7E3E",null,"2022-03-20T19:51:41.078Z","2022-04-26T23:38:15.119Z"
1.649061292E9,3,"This seed will spawn you on a small survival island which is located right next to a beautiful coral reef. It’s a little unsure about the moment whether coral reefs are biomes or just naturally generated structures sometimes found in ocean biomes. Either way, it’s one of the new features which are being added in the Update Aquatic and beta users already have access to it.",0.24,60,74,36,4,0,true,"Coral Reef Near Spawn Seed","1004","7743EF4F-CAE5-49C3-8002-1F7D22079A26",null,"2022-03-20T19:52:29.093Z","2022-05-12T08:00:13.845Z"
1.649061254E9,3,"This seed will spawn you on a small survival island located right next to a frozen ocean where you will find plenty of icebergs.
",0.16,22,3,4,1,0,true,"nJs","1004","775A093F-60B7-45D9-A55B-A3DBF5326AD7",null,"2022-03-20T19:51:26.544Z","2022-04-22T17:52:26.726Z"
1.649061269E9,3,"This seed is really useful if you want to quickly find a Woodland Mansion. It will literally spawn you right next to one.Once you’ve spawned turn to your right and walk through the thick forest to get to the Woodland Mansion.",0.48,37,30,3,3,-1,true,"Woodland Mansion Next to Spawn","1002","7B9A7374-CB15-4B32-9C62-541A373A458E",null,"2022-03-20T19:52:23.111Z","2022-05-13T10:49:21.698Z"
1.649061249E9,1,"You will spawn at mushroom biome. This is one of the rarest biome in Minecraft that has Mooshrooms! With additional it has a huge Ravine.",0.49,17,9,3,1,0,true,"Mushroom Biome with a Ravine","1009","84105FB0-B565-4D4C-825D-C28B83AFAA10",null,"2022-03-20T19:51:16.129Z","2022-04-26T23:22:15.487Z"
1.649061248E9,1,"After downloading this oxide, you appear next to the village and around it just a gift of biomes. This high rocky mountains, desert and swamp. Some houses in the village located not standard, and it is at the height of the so-30-40 blocks. Near the village there are flowing lava that will be very helpful for your stove.",1.14,16,11,4,1,0,true,"Village at the hill","1000","86B09D36-EA09-48B7-83DD-DBDCA1B97010",null,"2022-03-20T19:51:14.876Z","2022-05-04T20:52:57.040Z"
1.649061244E9,2,"This seeds spawn you at the crossing of four different rivers in a jungle biome. One of the rivers lead out to a larger ocean. Another rivers leads to a savannah biome and another to a desert temple. The fourth river will take you to a jungle temple. It’s a really cool seed with lots of different things to explore.",0.44,12,10,2,1,-1,true,"4 Rivers Crossing At Spawn","1002","8CB83661-DD3B-4B15-B860-F07036038EDB",null,"2022-03-20T19:51:39.225Z","2022-05-06T07:18:59.280Z"
1.649061266E9,1,"Here is one of the most beautiful Islands in Minecraft PE. Its uniqueness lies in the fact that he is very realistic and full of prospects. It is possible just to survive, like Robinson Crusoe, or use it as a platform for the construction of a small Bay. Around the island there is a beach and inside a bit of wood be enough in order to survive a considerable amount of time.",0.5,34,0,0,2,0,true,"Beautiful Island","1000","8E176590-D261-468E-8716-2DF938C34AE6",null,"2022-03-20T19:51:49.709Z","2022-04-16T21:10:30.373Z"
1.649061255E9,1,"Do you want to vary the plain large hills and mountains? Then use the data Sid for Minecraft Pocket Edition!",0.94,23,0,0,1,0,true,"Hills for extreme","1000","8E569320-BA48-426D-8B27-E22F2133AA40",null,"2022-03-20T19:51:28.692Z","2022-04-16T21:08:18.421Z"
1.649061262E9,3,"This seed will spawn you on a tropical island situated far out in the ocean. It’s extremely rare that jungle biomes are generated on islands but when they do they are just amazing. The terrain looks very natural and it’s really a great environment if you are looking for a survival gameplay on a deserted tropical island.",0.36,30,1,1,2,0,true,"Jungle Survival Island","1002","93D67688-E8F5-40C8-8D2F-BEEAE08DDF8E",null,"2022-03-20T19:51:42.325Z","2022-04-10T14:43:23.045Z"
1.649061233E9,3,"This is a great seed which will spawn you in the middle of two awesome villages. The main reason why I think it’s awesome is because both of them have blacksmiths and that means you’ll get some good loot right from start without too much effort. In that way, it’s a really good seed for survival mode.You can also find a stronghold if you go to the well in the desert village and dive down into the water. Break the blocks at the bottom of the well to access the stronghold. You might need some torches to light the way.",0.53,1,31,9,0,-1,true,"Double Village Spawn & Stronghold","1002","93F2EB2A-C743-45F7-8C70-1740BFE3181E",null,"2022-03-20T19:51:08.559Z","2022-05-13T11:46:47.530Z"
1.649061287E9,3,"As soon as you’ve spawned turn around and look behind you and there you will find the surface mineshaft. It’s also a quite cool mix of three different biomes (plains, desert and mesa).",0.47,55,14,7,4,0,true,"Glitched Surface Mineshaft","1002","94A42138-6D75-4E03-91BD-13F3FA4A8897",null,"2022-03-20T19:52:25.172Z","2022-04-26T09:43:37.314Z"
1.649061293E9,2,"You will spawn under strange flying tree.",0.84,61,58,30,4,0,true,"Bizzare Floating Tree","1011","9D72C616-58BE-410C-AB8A-39A08676A812",null,"2022-03-20T19:52:30.996Z","2022-05-12T08:03:29.349Z"
1.649061267E9,1,"This seed is, so to speak, a small map for survival on the Islands. Minecraft PE - a classic of the genre, as survival is the main goal of the game. At Seed you will see 4 Islands, which very few resources, but due to the fact that there are several Islands one, then you have a great chance to test their skills of survival in harsh conditions.",0.68,35,0,2,2,0,true,"4 Islands In The Ocean","1000","9D79E606-7067-4DD6-9490-1AFE2F675888",null,"2022-03-20T19:51:50.860Z","2022-04-16T21:10:43.960Z"
1.649061246E9,3,"Spawn: X: 1152, Y: 67, Z: 8 
Ice Spike/Stronghold Village/Basement Igloo combo: X: 920, Y: 66, Z: -320 
Portal Room: X: 940, Y: 21, Z: -350 
Dungeon 1: X: 933, Y: 54, Z: -314 
Dungeon 2: X: 916, Y: 45, Z: -305 
Igloo stuck inside a Ravine: X: 1331, Y: 60, Z: -716 Igloo: X: 1245, Y: 70, Z: 108 
Village: X: 1400, Y: 69, Z: 360 
Double Dungeon: X: 1146, Y: 41, Z: -1119",0.49,14,2,1,1,0,true,"Ice Spike Biome, Stronghold Village & Igloo","1002","9F143212-C07A-405E-B235-31705BFE3394",null,"2022-03-20T19:51:10.260Z","2022-04-16T15:38:30.865Z"
1.649061268E9,3,"As soon as you’ve spawned turn to your right and you will notice the shipwreck up on land at the beach.If you continue further past the shipwreck then you will find this desert temple.",0.28,36,28,5,3,-1,true,"Shipwreck On Dry Land","1004","A0007728-A4ED-4B75-B7DB-B49FF737D81D",null,"2022-03-20T19:52:21.879Z","2022-05-02T15:20:08.879Z"
1.649061241E9,1,"You will spawn near from plain village",2.5,9,25,20,0,0,true,"Village","1011","A0A8F8E6-2CFD-4366-B6A6-EA15B5539D01",null,"2022-03-20T19:50:59.626Z","2022-04-27T17:24:47.034Z"
1.649061256E9,1,"I love to climb huge mountains and rocks in search of adventure? Then the seed for Minecraft Pocket Edition with the highest cliffs are what you need.",2.34,24,1,0,1,0,true,"MegaMountain","1000","A78BC046-D4D1-4D8B-BFA2-03C07C9A248C",null,"2022-03-20T19:51:33.051Z","2022-04-04T09:01:53.308Z"
1.649061288E9,3,"Turn around at spawn and you will see a huge ocean biome right next to you. In the water you’ll find all the corals.",0.22,56,14,6,4,0,true,"Huge Coral Biome At Spawn","1005","AC94343F-76DB-4738-9B50-76FB42FB12F6",null,"2022-03-20T19:52:25.884Z","2022-05-13T09:49:38.327Z"
1.649061276E9,3,"This is a really cool seed with an extremely rare spawn. It might not look as much at first as you will be spawning in a forest. However, just behind spawn (through the small forest) you will find a shipwreck on land. Inside the shipwreck there are two chests with some decent loot, and right outside the shipwreck there’s a small ravine.
It’s easy to find the shipwreck. Just turn around once you’ve spawned and walk along the sand coastline and you will soon find it.
",0.24,44,9,1,3,0,true,"Shipwreck On Land Seed","1005","B53DFBDB-3451-4629-A9F7-74DBDBF0053D",null,"2022-03-20T19:52:09.794Z","2022-04-30T21:22:55.380Z"
1.649061252E9,1,"We would like to go in the jungle? This seed for Minecraft Pocket Edition will help you spawn near a variety of rocks, covered with greenery and vines.",1.57,20,2,2,1,0,true,"Jungle at the hill","1001","BA49D232-D232-4896-97B2-6B088D198C87",null,"2022-03-20T19:51:24.394Z","2022-04-10T14:43:47.601Z"
1.649061284E9,3,"In this seed you’ll spawn right next to a big and extraordinary ocean. Go for a swim into the far depths of the ocean and you’ll find an almost intact shipwreck surrounded by a plentiful of beautiful corals in all colors you can possibly imagine.",0.24,52,3,3,3,0,true,"Shipwreck Surrounded by Corals Near Spawn","1004","BAC61DF0-1476-4E34-933A-2959693163E8",null,"2022-03-20T19:52:21.081Z","2022-05-10T14:23:06.190Z"
1.649061232E9,1,"We offer you a Minecraft PE Seed, where you can feel yourself in the role of Indiana Jones, as you will have the task to investigate an ancient desert town with lots of secrets and traps. In this long forgotten place generate 2 temple and 1 village that the place looks exciting and mystical.",1.81,0,17,8,0,-1,true,"Temples and Village","1002","BD24EBA1-7B2B-453F-9BEF-464CE1DFCAB2",null,"2022-03-20T19:51:06.927Z","2022-05-01T23:45:13.836Z"
1.64906128E9,1,"Have you ever wanted to see a fossil in Minecraft PE without having to dig it up first? This seed has it!  You will spawn under this fossil",0.89,48,12,8,3,0,true,"Giant Unearthed Fossil","1009","C182105E-A1DB-45A3-A3B3-76BB2C155892",null,"2022-03-20T19:52:14.503Z","2022-05-12T21:50:02.528Z"
1.649061278E9,3,"Coral Reef: -3941, 70, -3588 
Buried Treasure: -3784, 70, 3688 
Shipwreck: -1880, 98, 952",0.25,46,24,6,3,0,true,"Coral Reef, Shipwreck & Buried Treasure Seed","1004","C35C7007-A72A-452C-BFCA-F06F2EAEF3C1",null,"2022-03-20T19:52:11.974Z","2022-05-12T08:01:02.449Z"
1.649061283E9,3,"You spawn in a cave just a few meters away from an expansive mine shaft.  Go forward to find torches and mines after them.",0.71,51,19,6,3,0,true,"Underground Railroad","1009","C427C6E5-A17C-4200-96AD-62C8D27A6BFE",null,"2022-03-20T19:52:20.094Z","2022-05-07T19:18:58.067Z"
1.649061242E9,1,"You will spawn near from plain village",1.94,10,8,3,0,0,true,"Village","1011","C44AC05B-91B5-4673-BBEA-B6DF5D8195CF",null,"2022-03-20T19:51:02.349Z","2022-04-29T16:22:38.640Z"
1.649061265E9,1,"This seed will throw you on a small island in the ocean, on which there is a pair of trees. You can survive, but it's better to move to the neighboring island and begin to develop there.",0.82,33,1,0,2,0,true,"Island","1001","C5A99309-E310-40A7-9D83-119880E15356",null,"2022-03-20T19:51:48.590Z","2022-04-04T09:01:51.899Z"
1.64906129E9,2,"To find the cross ravine simply turn around once you’ve spawned. Then walk crosswise to your left and you will reach it after somewhere around 50-100 blocks. It’s very hard to miss.",0.32,58,23,9,4,0,true,"Cross Ravine & Plains","1002","C988A4A5-89A2-465F-A4F5-DEE7F70AF79B",null,"2022-03-20T19:52:27.427Z","2022-05-06T15:02:43.357Z"
1.649061271E9,3,"The spawn is on this island. Right below the island in the water on the bottom of the ocean floor you will find the exposed stronghold with the shipwreck in it.",0.25,39,23,3,3,0,true,"Exposed Stronghold With Shipwreck Seed","1004","D1C5028A-9CC7-41D4-BD43-E7A4962F86EA",null,"2022-03-20T19:51:56.520Z","2022-05-12T12:39:54.364Z"
1.649061273E9,1,"You will spawn near from igloo, go forward and you find spikes.",3.15,41,30,8,3,0,true,"Igloo and spikes","1011","D5C511AD-ED37-49AD-95C9-B835DAFAB38B",null,"2022-03-20T19:52:05.960Z","2022-05-07T07:21:45.687Z"
1.649061272E9,2,"You will spawn near from jungle temple.",2.19,40,18,5,3,0,true,"Jungle temple","1009","D6938A1E-5EE1-47BB-99DE-BAE9F4806A3F",null,"2022-03-20T19:52:01.451Z","2022-05-07T11:26:34.225Z"
1.649061282E9,2,"This seed is pretty amazing.  You spawn near a stronghold village which contains a blacksmith. Stronghold on right side Village on left side",1.1,50,38,9,3,0,true,"Stronghold and village","1009","D6FCA54B-AC5B-45ED-A285-75A2A0F7ACA6",null,"2022-03-20T19:52:18.226Z","2022-05-11T15:32:24.096Z"
1.649061235E9,1,"Do you like mountains? And the flying islands? As soon as you appear in the world, you will immediately notice these beautiful mountains. Next to them there is a village, and around the savannah. It seems to me that the house in the mountain here will look very cool!",1.76,3,8,1,0,0,true,"Mountain Village","1001","E001C3EB-3069-4E1E-BE17-1F999EA70279",null,"2022-03-20T19:50:50.108Z","2022-05-03T17:20:47.952Z"
1.649061234E9,1,"On the generation of oxide player spawn near a nice village with a smithy!",1.17,2,6,3,0,0,true,"The village in the plain","1001","E638E4DB-DA47-4915-AB4F-0E85BA63CAD7",null,"2022-03-20T19:50:46.932Z","2022-05-13T11:47:18.026Z"
1.649061253E9,2,"Here’s a really cool seed which spawns you at the very bottom of a ravine in some burning lava. Make sure to quickly swim for the water or else you’ll end up dying quite quickly. This is a huge ravine with lots of visible ores and rare stone blocks. You can use the waterfalls to reach the ground level.",0.26,21,1,0,1,0,true,"Huge Ravine Spawn","1005","E7A7D3EE-D38A-4B5C-8A21-DE5FBC6BF91B",null,"2022-03-20T19:51:25.586Z","2022-04-04T09:01:53.638Z"
1.649061247E9,3,"This is a really cool seed which spawns you near by the center of four different biomes meeting.",1.16,15,5,3,1,0,true,"The 4 Biomes At Spawn","1009","F0FE8B09-FA00-4E1B-82C6-B9CEAD3FB74E",null,"2022-03-20T19:51:12.565Z","2022-05-01T11:42:49.717Z"
1.649061277E9,3,"[1.2] This seed includes two fairly rare structures which have been generated underwater. The ocean monument is as usually generated underwater, but the unusual part is that a stronghold has been generated under the water. So far I’ve only seen one previous similar seed. The spawn is on top of a tree in a forest biome situated next to a desert biome. To get to the underwater stronghold and ocean monument you have to turn on cheats in the settings menu. Then type the following command: /tp 1258 75 -1827 to teleport to the location of the two structures.",0.49,45,35,8,3,0,true,"Ocean Monument & Underwater Stronghold","1002","FDE63E34-D709-4839-9766-2676F0D32242",null,"2022-03-20T19:52:11.256Z","2022-05-12T19:05:56.787Z"
