"addDate({""constraints"":[],""type"":""DOUBLE""})","countImages({""constraints"":[],""type"":""INT""})","description({""constraints"":[],""type"":""TEXT"",""dynamicProps"":{""localData"":{}}})","fileSize({""constraints"":[],""type"":""DOUBLE""})","id({""constraints"":[],""type"":""INT""})","installs({""constraints"":[],""type"":""INT""})","likes({""constraints"":[],""type"":""INT""})","pack({""constraints"":[],""type"":""INT""})","priority({""constraints"":[],""type"":""INT""})","status({""constraints"":[],""type"":""BOOLEAN"",""defaultValue"":""true"",""dynamicProps"":{""localData"":{}}})","title({""constraints"":[],""type"":""STRING"",""dataSize"":250})","version({""constraints"":[],""type"":""STRING"",""dataSize"":250})","objectId({""constraints"":[],""type"":""STRING_ID"",""dataSize"":36})","ownerId({""constraints"":[],""type"":""STRING"",""dataSize"":36})","created({""constraints"":[],""type"":""DATETIME""})","updated({""constraints"":[],""type"":""DATETIME""})"
1.649061207E9,2,"Huawhi PvP is one of the most popular PvP texture packs currently available for Minecraft. It has been around for several years but primary for Minecraft: Java Edition. However, this is a port for Bedrock Edition and even though it isn’t bug free it does include most of the textures as those which exist for the Java version.",13.12,3,4,2,0,0,true,"Huahwi PvP","1002","000A1F14-D71B-4F66-B30E-F8D33B7A7982",null,"2022-03-20T19:07:23.652Z","2022-04-23T06:22:57.792Z"
1.649061265E9,3,"Turn on Ex gameplay
LB Photo Realism is one of the most realistic packs for Minecraft on PC. Now it has been ported to Pocket Edition but only as a 16×16 resolution. Sure, it doesn’t look photo realistic but it definitely makes your worlds look slightly more realistic, especially the water and grass blocks. There are some things like the sky and grass which yet haven’t been ported but that will likely be fixed in a future update.",29.35,61,13,7,2,0,true,"LB Photo Realism","1002","008FBCFD-67D5-4FA0-BE4F-1F8184385B24",null,"2022-03-20T19:40:06.906Z","2022-05-06T16:54:04.695Z"
1.649061293E9,5,"By Hyperest Studios | ファイ<p>This Resources pack is from Black Plasma Studios, World Apart Series, yeah you might know that, are you fan of it? are you wanna that sword added to your game? then this pack is perfect for you! there are a lot of changes to the tools it self such as Sword,Pickaxe,Armor,Trident,Shield and more! intresting? DOWNLOAD NOW!",0.57,90,190,42,2,0,true,"Cyber Craft v1.13 | Crazy Update","1014","06A28687-A6F8-4BD5-94FE-9F181234850C",null,"2022-03-20T19:41:01.909Z","2022-05-14T07:10:39.003Z"
1.649061224E9,3,"Tiny Pixels is a cute and simplistic texture pack designed in a cartoony style. The resolution looks as if it’s just 8×8 but it is in fact 16×16. It’s really a lovely texture pack which works great for most types of creations. Also, the mobs are very cute as well!",0.76,20,4,0,0,0,true,"Tiny Pixels","1001","072673D7-3BC1-4945-8076-96C80DBACD90",null,"2022-03-20T19:13:45.407Z","2022-04-23T06:15:14.482Z"
1.649061233E9,3,"Haven is a beautiful texture pack which has been in development since the early summer of 2017. The idea is to create a texture pack similar to the default textures but with a more unified and polished art style. Even though it’s a work in progress it still adds a great feel and refreshing look to the game.",0.25,29,0,0,0,0,true,"Haven Pack","1002","0D5974E9-76BB-4B47-88CB-75218BF948B2",null,"2022-03-20T19:15:01.815Z","2022-04-04T09:01:23.757Z"
1.649061286E9,4,"By Jiruw<p>This green 32x pack has all of the PvP items edited plus a large variety of blocks, ui, armor, and entities. This pack also includes an optional bottom chat mode, if that's your thing. ",14.45,82,10,10,1,0,true,"Leafeon","1016","11291848-0B90-4090-BA6E-53BD8B9050FA",null,"2022-03-20T19:27:24.452Z","2022-05-11T11:15:26.047Z"
1.649061204E9,3,"You might know how paper cut-out models look like? Imagine that but in Minecraft. The idea is rather unique and the result of that as a texture pack is just amazing. The design makes for a quite simple and clean texture pack. As a whole, it’s a very well designed texture pack!",9.65,0,10,0,0,0,true,"Paper Cut-Out","1002","1306B956-0F9F-4EF3-B42A-E4F36C612532",null,"2022-03-20T19:06:30.176Z","2022-05-11T18:37:58.443Z"
1.649061248E9,4,"Dokucraft Dark looks similar to the other versions of Dokucraft as it’s a medieval styled texture pack. The only difference is simply that there is a darker and more moody tone to the look of the textures. If you want a dark medieval pack then this texture pack is a great option.",5.11,44,2,2,1,0,true,"Dokucraft Dark","1011","138162F7-0270-482E-89D7-96E1BED717EC",null,"2022-03-20T19:25:04.430Z","2022-04-24T01:34:15.551Z"
1.649061258E9,3,"Turn on Ex gameplay
This is a texture pack which completely revises the way you’ll experience Minecraft. Even if most textures are in a style of doom and gloom some of it is not that dramatic, but instead quite fun and clever. It should be mentioned that some of the textures are missing (e.g. a few doors). That’s mostly because this is ported and the PC pack hasn’t been updated in a long while. But as a whole, it’s definitely possible to use with few problems.",37.68,54,8,8,2,0,true,"vonDoomCraft","1004","15484956-AB11-4753-8ADD-A1604D79988C",null,"2022-03-20T19:36:09.512Z","2022-05-12T07:30:28.367Z"
1.649061254E9,4,"John Smith Legacy is one of the oldest texture packs for Minecraft PC (and now ported to Pocket Edition). It’s a medieval styled texture pack which work nicely for terrain and structures which you want to give a more rustic and weather-beaten look. If you like really detailed packs then this one will most likely be a perfect choice for you.",6.4,50,1,1,1,0,true,"John Smith Legacy","1000","18B93E1D-B98F-40B6-B430-554B6B18300A",null,"2022-03-20T19:26:13.659Z","2022-04-16T09:07:03.684Z"
1.649061205E9,3,"This is a texture pack which focuses on adding modern and more realistic textures to the game. Most textures relating to the natural world terrain has been modified and this include textures like the grass blocks, liquid blocks and the sky. If you like the default textures but would like some of the textures to be a bit more modern then this pack is a good option.",4.69,1,11,2,0,0,true,"Aero Star Modern Texture Pack","1002","1EEE90C9-0D67-402F-9716-0AD1BB2C459A",null,"2022-03-20T19:06:39.464Z","2022-05-02T16:29:10.614Z"
1.649061276E9,6,"By MidnitePixel_<p>Hi everyone! I'm posting Soft n' Simple in its current unfinished state for feedback and comments, it's completely playable but is missing a large number of textures and planned features. As of now, it has most blocks, many items, and no mobs (entities).",0.39,72,8,2,0,0,true,"Soft n' Simple","1016","24C3034D-C206-4197-9056-D20596E7E30C",null,"2022-03-20T19:17:38.401Z","2022-04-30T13:11:53.372Z"
1.64906129E9,2,"By HM Eduardo<p>Tired that despite having been mining in the nether for a long time in search of netherite, your tools of this material look simple and as if they were dirty? (I doubt anyone thinks that).<p>So, stop suffering, because with this texture pack, your netherite tools will only stop looking simple, changing their appearance a bit to make up for the hours you spent looking for netherite",1.01,86,97,20,1,0,true,"Improved Netherite Tools","1017","265E9811-71BC-4B51-A654-54A5D657C66C",null,"2022-03-20T19:32:15.201Z","2022-05-13T15:57:22.796Z"
1.649061281E9,3,"By Voxed Studio<p>Euphoria [16x] Texture pack is made for lovers of pvp game modes like: SkyWars, Treasure Wars, BedWars, Survival Games, etc.. This pack is FPS optimized for most low-end and mid-range devices, and includes: custom cubemap, custom gui, custom tools, armors, items and blocks! What are you waiting for? Download now and enjoy!",20.04,77,3,1,0,0,true,"Euphoria FPS Pack","1016","27720056-EA75-4B2D-AFDD-BA9E03DECFAF",null,"2022-03-20T19:20:43.053Z","2022-04-20T03:53:10.599Z"
1.64906124E9,4,"ModernHD is one of the most popular realistic texture packs for the PC version of Minecraft and it has now made its introduction to Minecraft Pocket Edition as well. The texture pack work really good for worlds which you want to look more realistic. In general it’s a very detailed, clean pack with great vibrant colors.",18.52,36,3,0,1,0,true,"ModernHD","1002","277BCFFE-949C-4E7B-A07F-31F4A9F3134C",null,"2022-03-20T19:22:59.173Z","2022-05-02T20:38:17.946Z"
1.649061234E9,4,"TBIO-2 is a low-resolution texture pack with a simplistic and cartoony style supporting the latest version for Minecraft Bedrock Edition. It’s a vibrant texture pack with better plant coloring and there are also special particles to make events, like explosions, more beautiful in some strange but nice way. It’s great if you’re looking for some fun and joyful textures!",3.02,30,1,1,0,0,true,"TBIO-2","1002","282A4DB3-AF5D-4477-8DB2-8AF061802CFD",null,"2022-03-20T19:15:11.634Z","2022-05-03T14:55:28.458Z"
1.649061244E9,4,"Pamplemousse is one of the best modern texture packs which is specifically suited for low-end devices since it’s using low resolution textures (16x). At the same time that the textures are smooth and simplistic they are detailed enough to make them fit nicely for modern creations. If you are looking for something clean and modern then this is a must-have.",14.2,40,3,1,1,0,true,"Pamplemousse","1004","286B1E0F-57DE-40C4-9C38-4D4659A9404D",null,"2022-03-20T19:24:07.009Z","2022-05-03T14:59:13.288Z"
1.649061275E9,2,"By Voxed Studio<p>Fluffy Clouds [Custom SKY] is a realistic texture pack that is designed to be very realistic and replace the Minecraft sky texture by removing its vanilla look with a new custom flavor. This pack replaces your sky with an incredibly realistic sky that is very immersive.",10.99,71,59,15,0,0,true,"Fluffy Clouds [Custom SKY]","1016","2EFD0C7F-F11C-4F06-928B-7B72E61ABD36",null,"2022-03-20T19:17:35.705Z","2022-05-13T12:13:28.841Z"
1.649061231E9,4,"You might know how paper cut-out models look like? Imagine that but in Minecraft. The idea is rather unique and the result of that as a texture pack is just amazing. The design makes for a quite simple and clean texture pack. As a whole, it’s a very well designed texture pack!",10.23,27,0,1,0,0,true,"Paper Cut-Out","1004","318CCAF0-F02D-42EC-8790-8C5D3EBF4D3F",null,"2022-03-20T19:14:58.404Z","2022-04-04T09:01:24.029Z"
1.649061273E9,4,"By Voxed Studio<p>BubbleRose Default [16x] Texture pack is made for lovers of pvp game modes. This pack is FPS optimized for most low-end and mid-range devices, and includes: custom SKY, custom gui, custom tools, armors, items and blocks! What are you waiting for? Download now and have fun!It features light blue and teal based color schemes that have been carefully selected to create a very beautiful and aesthetic PvP pack.",13.35,69,3,4,0,0,true,"BubbleRose Default FPS PVP","1016","349AA1D2-790D-4B4F-8399-196B44F242EE",null,"2022-03-20T19:16:51.372Z","2022-04-17T05:29:06.663Z"
1.649061251E9,4,"SummerFields is a beautiful texture pack which turns any Minecraft world into a more joyful and enjoyable environment. It’s really nice to use if you want to give the game graphics a boost of summer and really get in tune with the nature around you. Personally, I think this is one of the best packs available for the game.",25.48,47,2,3,1,0,true,"SummerFields","1002","39780FBD-7BF7-45A7-AD2E-A46AAECB8784",null,"2022-03-20T19:25:55.374Z","2022-04-28T01:49:19.988Z"
1.649061278E9,2,"By Voxed Studio<p>The new year on the Chinese calendar is upon us and it's time for a celebration of... Chinese New Year! This pack is made specifically themed around it as a way to celebrate it. This celebration is also known as the Lunar Festival too for some people!",28.43,74,0,1,0,0,true,"Lethargy Pack [BLUE]","1017","3C3F0EC6-AE8C-4619-8E22-14949A780B9B",null,"2022-03-20T19:18:48.975Z","2022-04-04T21:44:45.450Z"
1.649061268E9,3,"By LvzBx<p>Minecraft 3D Texture Pack is a whole different experience when playing minecraft, it's more beautiful and wholesome. Don't be shy, try it for yourself you won't be disappointed at all.<p>With this 3D texture pack created by Lvzbx the game will apply 3D blocks that will amaze you.",19.5,64,145,43,2,0,true,"Minecraft 3D","1017","3F1E26D2-B876-423B-B0DF-7A7BBA6BF972",null,"2022-03-20T19:40:59.505Z","2022-05-13T10:23:54.837Z"
1.64906125E9,3,"Adventure Time Craft is a texture pack based on the popular animated TV series Adventure Time. As expected, the textures are fun, colorful and cartoon themed. The texture pack looks the best in medieval worlds and in the normal world of Minecraft. If you are looking for a way to simply add more fun to the game, then this pack does a good job of doing that.",5.08,46,4,1,1,0,true,"Adventure Time","1004","46A60401-8891-451A-890D-068B7A0E35A2",null,"2022-03-20T19:25:13.179Z","2022-04-15T19:06:50.112Z"
1.649061263E9,4,"Turn on Ex gameplay
Ovo’s Rustic is a texture pack which combines realism and Minecraft. The textures look pure and clean but they remain having the blocky look we are all used to. The colors that are used to design the pack look a lot more soft and dark than the default textures. That’s why it’s especially suitable for medieval type of builds. Grass, leaves and plants have a brighter color scheme and that definitely makes the the pack as a whole look really great.",20.66,59,3,3,2,0,true,"Ovo’s Rustic: Redemption","1002","4E0F3577-3DD3-4FFB-922C-FD468EDC0EE2",null,"2022-03-20T19:38:29.304Z","2022-04-19T09:43:40.660Z"
1.649061212E9,4,"This texture pack combines simplistic textures with a cartoony art style which looks quite refreshing. If you’ve been a long-term user of the default textures then you will most likely find the transition to SimpleJCraft welcoming and not too overwhelming. It’s basically just simple and more clean version of the default design.",0.5,8,0,0,0,0,true,"SimpleJCraft","1000","50243837-D48F-4764-A870-7970F05C03F3",null,"2022-03-20T19:08:31.978Z","2022-04-04T09:01:26.220Z"
1.649061289E9,1,"By Hyperest Studios | ファイ<p>Anyone like futuristic interface!? if you like it then download this Cyberline GUI! this is really perfect for futuristic theme. And perfectly if you like purple, red, and japanese themed for your minecraft theme!",79.12,85,23,17,1,0,true,"Cyber Line GUI v1.1 | More Color Update","1014","52063F4D-36A8-484C-9D51-D393266F3C6B",null,"2022-03-20T19:32:12.717Z","2022-05-13T20:17:02.317Z"
1.649061291E9,3,"By eim<p>EIM3 32x is a very cool texture pack with 32x items and 16x blocks. This pack has outlined blocks with very well made items. This pack is good for a lot of PvP gamemodes such as Bedwars, Skywars, UHC and many more.",30.51,87,74,37,1,0,true,"EIM3","1016","521FF169-C047-402F-A111-0773DAFDD8B3",null,"2022-03-20T19:33:13.047Z","2022-05-09T04:35:34.504Z"
1.649061247E9,4,"This texture pack includes textures which are considered modern and futuristic. The creator’s main inspiration while designing the texture pack was 2001: A Space Odyssey which is a classic sci-fi movie from the 60s. It’s a really useful texture pack if you are building a space station or anything similar which relates to space or the future in general.",8.8,43,8,3,1,0,true,"2101: A Minecraft Odyssey ","1002","585726D5-85D7-4B40-A5D1-8A96D6F9B76A",null,"2022-03-20T19:24:58.117Z","2022-05-05T17:37:22.005Z"
1.64906127E9,4,"By Compliance<p>Double resolution textures for Minecraft.Compliance 32x is a Jappa-styled 32x resource pack for Minecraft Bedrock, Java and Dungeons, aiming to provide higher-resolution textures while staying true to the vanilla Minecraft textures.",9.7,66,32,7,1,0,true,"Compliance","1018","5A993405-D301-408D-8758-755216AC9D4F",null,"2022-03-20T19:26:53.714Z","2022-05-06T20:43:13.867Z"
1.649061219E9,3,"This texture pack makes Minecraft look simpler, this one is for free so if you want a simpler Minecraft but don’t want to pay for the Plastic Texture Pack, you can download this. PlasticPixels is a low resolution 16×16 texture pack, so it can work on all devices. It’s in Beta, so not everything is retextured yet.",7.44,15,1,1,0,0,true,"PlasticPixels","1004","5C1BAC56-DE00-49C7-98DE-5015384A8F8C",null,"2022-03-20T19:11:29.769Z","2022-04-14T05:16:12.123Z"
1.649061238E9,4,"This is a really nice pack if you like the style of the original texture pack but don’t like the inconsistency from one texture to another. The designer (Alvoria) has gone to great length to make sure that the textures are consistent and at the same time retain the original Minecraft style. Personally, I really like the texture pack and found it most suitable for medieval builds and normal survival worlds.",3.87,34,1,1,0,0,true,"Alvoria’s Sanity","1002","5DBFB0EB-45CF-4F5D-BF4E-00A543BD1764",null,"2022-03-20T19:15:50.021Z","2022-04-06T09:47:18.995Z"
1.64906122E9,4,"Pixel Reality is a low resolution texture pack pack which adds more realism to Minecraft. The textures have a much smoother design and the colors look calmer and better blended than the default textures. The texture pack have been developed for over a period of several years and this proves that it stands the test of time.",5.08,16,3,0,0,0,true,"Pixel Reality","1001","60722D04-0CDD-4742-AB06-B6F7D1B6C45B",null,"2022-03-20T19:11:38.450Z","2022-05-13T20:29:27.205Z"
1.649061209E9,2,"Dark Mode is a resource pack that darkens the user interface for Bedrock Edition. Minor inconsistencies with the vanilla user interface have also been addressed.  This resource pack has been created to work alongside vanilla resources.",4.08,5,11,3,0,0,true,"Dark Mode","1004","6592F45D-3A47-4B11-8BF6-394486AFEDC8",null,"2022-03-20T19:08:22.657Z","2022-05-12T09:55:32.823Z"
1.649061274E9,4,"By YeAHYeAH179216<p>INTRODUCTION: Do you have a low-end device? Are you playing Minecraft Bedrock laggy? And had a lot of FPS drops? Well if you do, then this pack is for you! Introducing the new Allay Tweaks [v1] texture pack!!!",9.86,70,23,9,0,0,true,"Allay Tweaks","1017","65A36550-8293-48B5-BA0E-5D764C3DE5E7",null,"2022-03-20T19:17:12.414Z","2022-05-07T09:55:05.756Z"
1.649061243E9,4,"Defscape is an elegant texture pack with a very clean look. It looks really nice both in medieval and modern types of maps. Every block texture is incredibly detailed because of the high resolution (64×64 pixels) but the details always look very well put in place and never overwhelming. Everything from blocks and items to the sky and water have been redesigned.",3.56,39,3,1,1,0,true,"Defscape","1002","6684F7A7-9BD6-44D9-8E8A-ECBF9659BC78",null,"2022-03-20T19:23:34.808Z","2022-04-15T05:51:16.918Z"
1.649061236E9,3,"This texture pack is more detailed than the vanilla texture pack in Minecraft. Most of the building blocks have been completely revamped. It’s nice though that they stay true to the original graphics and in that sense it won’t feel too much of a leap if you decide to use the texture pack. If you are looking for something new and refreshing then this is a good option.",13.71,32,0,0,0,0,true,"Forge Pack","1002","6931AECD-867A-47DE-87EE-AA9C09A66973",null,"2022-03-20T19:15:41.072Z","2022-04-04T09:01:23.424Z"
1.649061226E9,3,"Jolicraft is a cute and earthy texture pack which is one of the oldest and most popular texture packs for Minecraft. The design of the textures is very detailed but at the same time quite simple. The textures look really nice for normal survival worlds as well as medieval and modern builds. It’s an all-around texture pack which works for many needs.",4.74,22,1,0,0,0,true,"Jolicraft","1000","6D8DEC29-7275-4693-A2A0-EE1D670515DB",null,"2022-03-20T19:14:00.199Z","2022-04-05T21:17:45.260Z"
1.649061218E9,4,"New Super Mario Craft is a texture pack inspired by the graphics in Super Mario Bros. Super Mario is probably one of the most famous video games characters of all times (along with Steve in Minecraft, maybe?). If you have played the games you will see that the similarities in this pack are many and Minecraft will soon feel like playing a Super Mario game!",32.38,14,3,0,0,0,true,"New Super MarioCraft","1002","6F1FBEF1-FD6E-4C28-93F1-5D6CC0298DAF",null,"2022-03-20T19:11:12.043Z","2022-04-16T11:06:38.618Z"
1.649061277E9,3,"By PrestigePlayz<p>The new year on the Chinese calendar is upon us and it's time for a celebration of... Chinese New Year! This pack is made specifically themed around it as a way to celebrate it. This celebration is also known as the Lunar Festival too for some people!",15.69,73,9,3,0,0,true,"CNY","1017","72769171-625D-4A42-93EC-E15E87B0FF62",null,"2022-03-20T19:18:02.135Z","2022-04-18T18:28:54.908Z"
1.649061255E9,3,"It has the real Super Mario game textures, from blocks to items. This texture contains over 10 blocks which replace Glazed Terracottas and the Super Mario’s mushrooms, flower, star and coins.",0.1,51,9,3,1,0,true,"Super Mario","1006","74FA2C8C-2630-468A-94FE-1F946D817397",null,"2022-03-20T19:26:14.396Z","2022-05-08T09:52:32.929Z"
1.649061232E9,3,"Dandelion is a cute texture pack with soft colors and an overall organic look. If you want simplistic textures combined with something which brings its own unique style then Dandelion is the pack to choose. Everything (not only the block textures) like the GUI and menu options are completely redesigned.",1.03,28,1,1,0,0,true,"Dandelion","1001","770AAC83-0BB7-48E6-B62B-6ED67F6EFD2B",null,"2022-03-20T19:15:00.561Z","2022-05-09T15:30:07.731Z"
1.649061239E9,4,"MultiPixel is a HD texture pack with new 32x textures that you’ve never seen before! It’s great if you like to improve the look in Minecraft, while keeping the vanilla styling.",18.07,35,4,2,1,0,true,"MultiPixel","1004","7732BB35-E3D9-43F1-9F31-48D1C3AB45E5",null,"2022-03-20T19:22:31.474Z","2022-05-11T06:51:56.532Z"
1.649061216E9,3,"This texture pack makes the world in Minecraft seem much more simplistic. It looks as if the blocks are of a 4x resolution (even though they are in reality 16x). It’s a quite strange texture pack which makes the world seem so much smaller. This first version only includes the blocks but hopefully mobs and other missing stuff will be in a future update.",0.61,12,10,1,0,0,true,"4×4 Pack","1001","7B7BE46C-6887-4FF1-AD17-04FC2FD86C61",null,"2022-03-20T19:10:06.582Z","2022-05-13T14:51:39.133Z"
1.649061229E9,3,"Simply Modern is an extremely simplistic and clean texture pack which looks great for most types of worlds but primarily for modern builds. The only possible downside is that some of the item textures have been completely redesigned which make them almost unrecognizable. But other than it’s a great texture pack which looks fantastic in-game.",3.25,25,2,0,0,0,true,"Simply Modern","1000","7BCA42AC-3AF5-4A57-A928-175DC1E33D2D",null,"2022-03-20T19:14:35.552Z","2022-05-10T12:11:47.361Z"
1.649061214E9,3,"This is definitely one of the bext 16×16 texture packs you will ever have the pleasure of using. Almost all of the textures have been replaced. This pack is 95% complete and is an amazing pack!",3.59,10,2,2,0,0,true,"New Wayukian","1004","7DC2FCA6-626A-4AC3-84B7-79D5DDF99DA3",null,"2022-03-20T19:08:38.572Z","2022-04-22T17:51:03.531Z"
1.649061272E9,2,"By Voxed Studio<p>Milkyway [16x] Pack is suitable for most pvp minigames. This pack is FPS Friendly for most mid-end devices and includes custom sky, custom gui, custom tools, items and blocks!This texture pack itself runs at the default resolution of 16x pixel size which is the same as vanilla Minecraft. It runs amazingly well and has very good FPS.Download now and enjoy!",13.7,68,3,3,0,0,true,"Milkyway","1016","7E30F8DF-7378-497B-BAC0-29EB6C526488",null,"2022-03-20T19:16:24.420Z","2022-04-15T18:40:06.701Z"
1.649061279E9,2,"By Voxed Studio<p>The new year on the Chinese calendar is upon us and it's time for a celebration of... Chinese New Year! This pack is made specifically themed around it as a way to celebrate it. This celebration is also known as the Lunar Festival too for some people!",28.41,75,3,2,0,0,true,"Lethargy Pack [PINK]","1017","87A3EF6E-5625-4D71-B7AA-9E0CD42FD2C6",null,"2022-03-20T19:19:43.706Z","2022-04-04T09:01:17.602Z"
1.649061292E9,3,"By Voxed Studio<p>The re-release of dark medieval textures that have earned the recognition of many players worldwide! With the Halcyon Days Relived you get in the XII century, when all the buildings was carried out with stone and other ancient materials that in our times looks very epic and unforgettable.",28.06,88,55,20,1,0,true,"Halcyon Days Relived","1016","87CE0CE1-0B25-45C1-9DE0-C7FCB20FE411",null,"2022-03-20T19:34:03.362Z","2022-05-08T21:56:07.703Z"
1.649061269E9,3,"By RobotPantaloons<p>Bare Bones is a texture pack with the purpose of bringing your world and the default Minecraft textures to it's 'bare bones'. It is a simplistic and vibrant pack that is fun to use and makes your own Minecraft worlds look colourful!",4.8,65,27,4,0,0,true,"Bare Bones","1016","87FC9FE4-39C6-44E4-B4A0-5B7D1D4E26CF",null,"2022-03-20T19:16:00.407Z","2022-05-12T23:04:44.433Z"
1.649061261E9,4,"Defscape is an elegant texture pack with a very clean look. It looks really nice both in medieval and modern types of maps. Every block texture is incredibly detailed because of the high resolution (64×64 pixels) but the details always look very well put in place and never overwhelming. Everything from blocks and items to the sky and water have been redesigned.",11.22,57,1,0,2,0,true,"Defscape Pack","1002","8B74E93E-7F0F-4A69-AA22-D1D4390331B4",null,"2022-03-20T19:37:37.519Z","2022-05-08T11:37:14.977Z"
1.649061249E9,2,"Winter in Japan. Do you not want to make this with Minecraft? With this SUBARU texture and YAMATO texture it is possible! Please check with your own eyes by all means!",0.43,45,4,2,1,0,true,"SUBARU","1011","8C2E6C5E-611D-4269-94EA-5463DD4D683F",null,"2022-03-20T19:25:05.399Z","2022-04-30T01:34:22.187Z"
1.649061222E9,4,"Mine Wars is a Star Wars, spaceship and futuristic inspired texture pack. Immediately after you’ve installed the textures and launched the game the start screen will make you feel as you were warped into the future. Items such as swords and pickaxes appears instead as lightsabers. Even the mobs have been remodelled to make them look like evil stormtroopers and creepy jawas.",1.79,18,4,0,0,0,true,"Mine Wars","1000","8C7489F4-C868-440B-8DAB-A6EB3BADEDF8",null,"2022-03-20T19:11:46.210Z","2022-05-09T08:17:00.818Z"
1.649061245E9,4,"InfinityPvP is a texture pack designed for players that enjoy combat. FazingBlitz created this in hopes of bringing more attention to the PvP community. This texture pack was worked on and improved by him.",5.04,41,19,8,1,0,true,"InfinityPvP","1004","9342BCFC-29E9-42A0-88B1-08355387559D",null,"2022-03-20T19:24:18.075Z","2022-05-13T06:57:33.943Z"
1.649061211E9,4,"This is an amazing texture pack originally created for Java Edition and it’s now ported to Bedrock Edition. The design is influenced by SNES JRPGs, table top roleplay games and low-resolution adventure games. It brings a unique style of textures to the game which colors are more vibrant and also warmer. It’s certainly a welcome upgrade from the default textures.",4.17,7,0,1,0,0,true,"Jehkoba’s Fantasy","1002","93749CB9-187F-46D6-8E63-0AFCD916CC6F",null,"2022-03-20T19:08:30.739Z","2022-04-04T09:01:26.377Z"
1.649061288E9,3,"By TheUtkarsh8939<p>This Pack Is a PvP Pack This is Custom Skies Short Swords Blocks With Custom Resolution some has 32 some has 64 some has 128 some has 256 and command blocks had even 512 resolution<p>This Pack Is a PvP Pack. This pack is specially made for those players who play minigames like bedwars, skywars etc. Our motive is to make a pack to help players that play minigames which required to PvP for win This has Custom Skies Short Swords Blocks With Custom Resolution some has 32 some has 64 some has 128 some has 256 and command blocks had even 512 resolution",56.72,84,30,35,1,0,true,"PvP Masters","1017","9374FE43-2392-4BD0-89C5-B78D189A35F9",null,"2022-03-20T19:29:50.857Z","2022-05-08T07:21:29.834Z"
1.649061221E9,4,"Frenden’s Meringued Cartoon is a texture pack which is designed with vibrant colors and a cartoony feel. It got a complete unique style which makes the textures very pleasurable to look at. It’s a great upgrade from the ordinary textures in Minecraft and it’s most definitely not something you will regret. And since it got the same resolution as the default textures there shouldn’t be much of an extra loading time.",1.69,17,0,0,0,0,true,"Frenden’s Meringued Cartoon Pack","1000","937F7CC4-600F-42D8-B5AC-A1F1D0E81436",null,"2022-03-20T19:11:43.009Z","2022-04-04T09:01:25.194Z"
1.649061284E9,3,"By Cats N Ninjas<p>After 2 months of development, I am proud to introduce my new 100 subscriber pack. The idea of this pack comes from the main man himself Hubci.",18.71,80,13,10,0,0,true,"CatsNNinjas' 100 Subscriber Pack!","1016","93FAC6BF-8555-411E-B28F-9A2E16125608",null,"2022-03-20T19:21:49.827Z","2022-05-14T08:05:24.239Z"
1.649061241E9,4,"Do you like the default textures in Minecraft but wish it existed in an increased resolution? If that’s the case then the Faithful Texture Pack is the perfect solution. It is faithful to the original look of Minecraft but the resolution is higher (32×32 or 64×64 instead of 16×16). This texture pack has already existed for a long time for Java Edition but today you can download it for Minecraft: Bedrock Edition!",5.37,37,4,1,1,0,true,"Faithful","1002","94B5EE79-25FB-48C8-BFED-3CF67FAC54E3",null,"2022-03-20T19:23:09.957Z","2022-04-22T13:30:49.336Z"
1.649061215E9,3,"This Pack is a Project to make Minecraft REALLY Better, it started in a project to make small modifications but now, this pack has more improvements than never!",46.98,11,1,2,0,0,true,"Bettercraft","1004","9DC0FEEC-6BD4-4B4F-B351-7D2D754028F0",null,"2022-03-20T19:10:05.346Z","2022-04-15T08:17:37.585Z"
1.649061257E9,4,"Turn on Ex gameplay
NaturalPack is a texture pack designed to diversify your game world in Minecraft: Bedrock! NaturalPack is a kind of analogue of the all recognizable and very popular texture package “Faithful”.",31.66,53,12,6,2,0,true,"NaturalPack","1004","9E7410DA-C441-4484-88E7-9ABD6B65421C",null,"2022-03-20T19:35:02.041Z","2022-04-22T21:30:46.172Z"
1.649061217E9,2,"CutieCraft is a texture pack with soft and sweet colors. It combines a cartoon and simplistic style which creates a pack of total cuteness. Everything about the pack got a very innocent and light look. It’s really good if you think Minecraft needs a burst of joy sometimes!",3.59,13,1,1,0,0,true,"CutieCraft","1000","A0D112FE-2324-455D-B45A-E842207E58F4",null,"2022-03-20T19:10:13.446Z","2022-04-05T21:07:56.443Z"
1.649061256E9,3,"Blood-Forest resource pack is free to use for playing custom map and survival, the pack present as a tons of dark, blood, eerie, wierd things. Some texture base from John Smith Legend",10.61,52,3,3,1,0,true,"Blood-Forest","1004","A109EE61-6607-4353-9823-8D8B274C4ECD",null,"2022-03-20T19:26:37.059Z","2022-05-08T09:42:17.943Z"
1.649061266E9,2,"Turn on Ex gameplay
Do you want to make your worlds more vibrant and alive? Then this texture pack is the perfect solution. It adds beautiful high-defition animations to more than 150 different blocks. One of the main features which I enjoy in this pack are the waving plants as it makes them seem more realistic. There are lots to see but I will let you explore most of that in-game by yourself!",1.79,62,7,3,2,0,true,"Animated Pack","1004","B512A733-408E-4529-B64C-EC3B16072D28",null,"2022-03-20T19:40:10.679Z","2022-04-22T00:36:57.341Z"
1.64906123E9,4,"Mad Pixels is a simplistic, cartoony and an overall just fun looking texture pack. The color scheme is much similar to the default textures but the design is much different. Both mobs and blocks have a much more clean and sharp design. It works great to use for all types of builds but also for ordinary survival worlds.",0.5,26,3,2,0,0,true,"Mad Pixels","1002","B624E1F9-8DA0-42E6-8119-BE0F02130588",null,"2022-03-20T19:14:37.141Z","2022-04-18T01:10:53.053Z"
1.649061282E9,3,"By Thewdie<p>Yep, it's nab... Just some retexture I made in Minecraft Bedrock Edition to make my gameplay enjoyable. And I wanted to share it with you guys! So this pack includes HUD, ICON, PARTICLE, and FONT retextures. Also, I changed some codes on json files...",0.38,78,12,4,0,0,true,"NAB Pack","1018","C04BC529-D862-448B-AE66-457ED3016200",null,"2022-03-20T19:20:44.814Z","2022-05-06T18:27:18.764Z"
1.649061223E9,4,"This is a Bedrock Edition port of the Minecraft Super Mario World Edition texture pack which was originally created for Minecraft: Java Edition. This texture pack will make your world look like Super Mario World from the SNES! You’ll now be able to build things with Mario blocks, fight new vicious monsters like the Wither Bones Boss, make Mario styled maps and more!",63.36,19,2,0,0,0,true,"Super Mario World Edition","1002","C37F3342-3512-474F-8AEF-A5F7C75EE29E",null,"2022-03-20T19:13:43.713Z","2022-04-27T04:26:14.782Z"
1.649061235E9,2,"The core idea of the oCd pack is to have textures which are calm and simple and give a cartoony feel. The soft color tones along with the symmetrical look make for a clean and simple texture pack.

The oCd pack is one of the better texture packs created for Minecraft and now ported to Pocket Edition! It’s definitely a unique and fun pack.",1.1,31,2,0,0,0,true,"oCd Pack","1001","C4C06FB0-53CB-4506-BB48-3CC46CD74CC3",null,"2022-03-20T19:15:13.915Z","2022-04-19T18:24:48.690Z"
1.649061267E9,4,"SimplySharp is a funny, simplistic and cartoon styled texture pack. It’s a great improvement from the original textures and especially so if you want something unique and playful. It doesn’t seem limited to just one type of build. I tested it for multiple different worlds and it looked nice for both medieval worlds and ones built with modern architecture.",5.16,63,8,3,2,0,true,"SimplySharp","1001","C602B22B-BBC0-4010-8775-0B8ECB865CBF",null,"2022-03-20T19:40:22.309Z","2022-05-06T06:46:01.876Z"
1.649061285E9,3,"By TheluckyguyNL<p>AThis texture pack is a still work in progress stuff can change.<p>This pack is for the people who like a simple and childish art style.<p>I saw that a lot of people wanted the texture pack so imma make it public. its also some adds and such this pack is just for people that are interested in the pack.<p>And also might get friends to also make textures for it cause why not. hope u u like the pack and feedback is greatly appreciated.<p>This texture pack was (still is) my personal texture pack but people wanted to also have it so i making it public ",3.55,81,16,8,0,0,true,"Lulucraft (Version 0.3.5)","1018","C635F02D-A799-497E-BCC1-7A67DD4BA965",null,"2022-03-20T19:21:59.210Z","2022-05-14T05:34:44.358Z"
1.649061246E9,4,"YAMATOtexture is a Japanese styled texture pack which customizes both the user interface and the textures for blocks and items. All of the buttons for the user interface now look like Japanese letters and symbols. Many of the natural terrain blocks are also changed into a more nice and clean Japanese design. This texture pack will hopefully be updated regularly.",11.12,42,15,4,1,0,true,"YAMATOtexture","1004","C7F610B4-F8D1-4D50-8409-ECE24E4F6AD5",null,"2022-03-20T19:24:38.280Z","2022-05-07T19:18:13.590Z"
1.649061237E9,4,"Xenocontendi is a smooth texture pack with beautiful colors and detailed but simplistic textures. It was originally created for the PC version of Minecraft and has been in development for more than five years. This means it has been used by thousands of people already. If you like the default textures in Minecraft but want something which look less pixelated then this is a great option.",1.93,33,0,0,0,0,true,"Xenocontendi","1000","C8CCFEFE-458E-4789-8F07-EDBA7AD98DE8",null,"2022-03-20T19:15:44.182Z","2022-04-04T09:01:23.322Z"
1.649061225E9,3,"Simple Pack is a texture pack which has simple, smooth & clean textures of blocks, items, and mobs. If you ever wanted a simpler texture then this texture pack will be suitable for you. Some of the blocks have animations such as the fire on the furnace, beacon, glass, ice, packed ice etc. If you’re looking for a clean and simplistic pack, then this is a good option!",3.26,21,1,0,0,0,true,"Simple Pack","1004","CB79C472-B923-4BE7-B729-8626B4D8E483",null,"2022-03-20T19:13:51.016Z","2022-04-09T00:59:31.009Z"
1.649061271E9,3,"By Cornbread<p>ever wanted 32x versions of every texture in vanilla minecraft? well, i mean, statistically, it's very likely. one of the most popular resource packs of all time is a 32x pack. but, i'm personally not a fan of that specific one, so here we are!! after a year and a half of being a secondary or tertiary project, i give you: Cornbread's Vanilla 32x.",1.9,67,5,1,1,0,true,"Cornbread's Vanilla","1018","CE27D71E-59BE-4545-BB7F-58D32180D65C",null,"2022-03-20T19:26:58.569Z","2022-05-12T23:04:24.214Z"
1.649061287E9,3,"By ZouChenyunfei<p>MultiPixel is a HD texture pack with new 32x textures that you've never seen before! It's great if you like to improve the look in Minecraft, while keeping the vanilla styling.",25.01,83,124,54,1,0,true,"MultiPixel Texture Pack","1016","CEDC19FF-D608-4ADB-87E9-DDE4F9E4521D",null,"2022-03-20T19:28:10.669Z","2022-05-12T17:46:54.535Z"
1.649061213E9,4,"This texture pack is a very unusual one. I created this pack to provide a unique experience when exploring the world. The grass, leaves, sky, water, nether, and more have been given different colors. Some blocks, like glass, emeralds, furnaces, most light sources, have had their textures reworked.",0.29,9,3,2,0,0,true,"Sketchy World","1006","CF5FB6E4-BAF9-4897-9A04-FD7C94B9AAEE",null,"2022-03-20T19:08:32.811Z","2022-04-22T15:07:24.947Z"
1.649061262E9,2,"This resource pack adds high-resolution textures which remove the frame for the glass textures. The result is glass which looks as if it is connected as there are no outer borders disconnecting the blocks. It’s really cool and useful if you want a more modern and simplistic design for your glass textures in-game.",6.92,58,10,3,2,0,true,"ADA Connected Glass","1000","D326C248-605A-4433-9158-A9CB959F4509",null,"2022-03-20T19:37:49.730Z","2022-05-02T20:39:40.222Z"
1.64906128E9,3,"By dfocus<p>basepvp synthwave is a texture pack following the style of the 80’s. This colorway of synthwave makes Minecraft look retro futuristic. This pvp texture pack is created by dfocus, and is made available for the Java and Bedrock/MCPE editions of Minecraft. This texture pack follows the short sword style of basepvp.",11.46,76,14,5,0,0,true,"Synthwave Texture Pack v1.2 ","1018","D364FA6E-D518-495D-9712-A4EB768D178E",null,"2022-03-20T19:20:07.506Z","2022-05-09T09:06:17.112Z"
1.649061206E9,4,"BlockPixel is a cartoon styled texture pack with vibrant colors and detailed textures. It has been actively updated during a period of seven years. The core idea is to bring more square patterns to the game design. You will most definitely notice a great shift to your in-game graphics as soon as you’ve applied the texture pack.",9.88,2,5,0,0,0,true,"BlockPixel","1002","D9E6A779-8F96-4EEA-BAF3-3A2B0DB6F663",null,"2022-03-20T19:06:58.995Z","2022-04-29T17:46:19.832Z"
1.649061208E9,3,"Texture inspired by the game of FNaF made by Scott Cawthon. Contains Sounds, armor, items, paintings, blocks, blocks with movement and creatures changed with the appearance of Five Nights at Freddy’s.",23.97,4,25,5,0,0,true,"FNaF","1006","DBE19A03-AEE3-443B-97D1-24AC4AC6FD27",null,"2022-03-20T19:08:14.288Z","2022-05-07T06:21:26.563Z"
1.649061253E9,3,"DurzoCraft was created by ndurzo64 as a part of the Texture a Day Challenge. The end result is a 32x resolution texture pack which retains the original Minecraft look but at the same time improves the overall game graphics quality. It’s definitely a great upgrade from the default textures in Minecraft.",2.74,49,4,2,1,0,true,"DurzoCraft","1002","DD595E9D-D862-460E-98BD-17291678DFF0",null,"2022-03-20T19:26:02.033Z","2022-04-23T02:03:04.268Z"
1.649061242E9,3,"The End is Extremely Nigh. Oh yes, it really is, at least that’s the feel you’ll get if using this texture pack. Everything look much more dark and gloomy. The textures for buildings will look much more weather-beaten, just like if no one has cared to take any care of them for the last couple of years. If you want your game graphics to appear more apocalyptic then this is a great choice for you.",6.36,38,11,2,1,0,true,"The End is Extremely Nigh","1011","E496CE4B-445F-4A8C-B74B-18AD0C05EF05",null,"2022-03-20T19:23:26.431Z","2022-05-10T07:07:06.925Z"
1.649061252E9,4,"Description: Madoku Craft is a simplistic texture pack. Its textures are very smooth and simple. Despite its resolution, the texture pack doesn’t lack details. Being complimented with a decent color palette.",0.36,48,1,0,1,0,true,"Madoku","1004","E7C182B1-0A72-4A42-BF7E-FCA690F1D333",null,"2022-03-20T19:25:56.761Z","2022-05-13T12:16:20.203Z"
1.64906126E9,2,"Turn on Ex gameplay
Flow’s HD is a modern and elegant texture pack. Every texture is very clean and gives Minecraft a very bright and joyful feel. The great thing about this pack is that it got both a lot of textures which are suitable for interior design as well as outdoor. A great pack for somebody who wants a combination of both.",20.58,56,4,1,2,0,true,"Flow’s HD","1005","EBA56F4E-D7C8-413A-833A-A28C40CF9C75",null,"2022-03-20T19:37:18.184Z","2022-05-08T05:57:27.027Z"
1.649061259E9,4,"Turn on Ex gameplay
Do you like the default textures in Minecraft but wish it existed in an increased resolution? If that’s the case then the Faithful Texture Pack is the perfect solution. It is faithful to the original look of Minecraft but the resolution is higher (32×32 or 64×64 instead of 16×16). This texture pack has already existed for a long time for Java Edition but today you can download it for Minecraft: Bedrock Edition!",15.89,55,7,4,2,0,true,"Faithful","1002","F0C086F2-F738-40A6-BF6D-5A83754F01FE",null,"2022-03-20T19:36:41.850Z","2022-05-06T19:42:33.183Z"
1.649061283E9,3,"By Voxed Studio<p>Imaginary [16x] pack is suitable for most pvp gamemodes such as: SkyWars, Treasure Wars BedWars, Survival Games, etc. This pack is FPS Friendly for most mid-end devices and includes custom skies, custom gui, custom tools, items and blocks!Download now and enjoy!<p>This texture pack itself runs at the default resolution of 16x pixel size which is the same as vanilla Minecraft. It runs amazingly well and has very good FPS.<p>It features pink and teal based color schemes which have been selected carefully to create a very beautiful and aesthetic PvP pack.",17.86,79,5,4,0,0,true,"Imaginary Pack","1016","F53C550F-25E5-4E0C-BB1F-C770CF8B4FE3",null,"2022-03-20T19:21:10.602Z","2022-04-27T15:58:17.280Z"
1.649061264E9,4,"Do you like the default textures in Minecraft but wish it existed in an increased resolution? If that’s the case then the Stevens Traditional 64×64 Pack is the perfect solution. It",25.09,60,0,1,2,0,true,"Stevens Traditional","1011","FAD2B77F-6BEE-4282-B483-3195CECAA8F8",null,"2022-03-20T19:39:12.389Z","2022-04-13T14:00:33.652Z"
1.649061227E9,3,"The Wayukian Pack is an incredibly detailed texture pack which was originally created for the PC version of Minecraft, but it has now been ported to Minecraft PE. It suits best for medieval/RPG type of maps when you want a more old looking world. As you will see in the images further down castles and other old types of builds look quite amazing.",11.74,23,1,1,0,0,true,"Wayukian Pack","1002","FCF5A351-440F-40A1-B788-6812FD03B54A",null,"2022-03-20T19:14:25.808Z","2022-05-12T02:03:29.533Z"
1.64906121E9,1,"Wouldn’t it be awesome if you could customize your bed in a similar fashion to customizing banners? This is a texture pack which experiments with that idea and replaces each bed in-game with a completely new and unique bed design. 16 beds give 16 different designs. It’s definitely a pretty cool concept!",0.16,6,15,3,0,0,true,"Fancy Beds","1004","FE9AAD52-9927-4D74-8FAD-F7AD84CE32C2",null,"2022-03-20T19:08:23.375Z","2022-04-24T22:55:51.762Z"
1.649061228E9,3,"Pixel Perfection is a low resolution texture pack with an incredible high focus on details. All aspects of the texture pack has been completely redesigned to give Minecraft a complete new look. It’s really a refreshing and welcome upgrade from the default textures in Minecraft. The pack works for most builds (e.g. medieval and modern).",1.74,24,2,0,0,0,true,"Pixel Perfection","1002","FF11FEA9-DF76-4383-9048-8FB2BBC38FA9",null,"2022-03-20T19:14:30.312Z","2022-04-15T19:38:42.735Z"
